{
    "count": 4,
    "lineage": [
        {
            "eventTime": "2005-03-12T18:30:00.0Z",
            "eventType": "COMPLETE",
            "inputs": [
                {
                    "facets": {
                        "cmfDataSetFacets": {
                            "commit": "commit 45132ba1b9d827649a48867cc76546574e2942da",
                            "createdAt": 1664184766802,
                            "event": "INPUT",
                            "gitRepo": "git@github.hpe.com:jabali-searcot-karanam/cmf_notebook_dspc7.git",
                            "id": 1,
                            "type": "Dataset",
                            "updatedAt": 1664184766802,
                            "uri": "238969fd8045403c15af14879c5aa5f6"
                        },
                        "schema": {
                            "fields": [],
                            "stringDomain": []
                        }
                    },
                    "name": "pdu_power.csv:238969fd8045403c15af14879c5aa5f6",
                    "namespace": "carbon"
                }
            ],
            "job": {
                "facets": {
                    "cmfJobFacets": {
                        "gitEndCommit": "",
                        "gitStartCommit": "e04414a805d2c661b06203540891d6ee47a0efe5"
                    },
                    "sourceCodeLocation": {
                        "type": "git",
                        "url": "git@github.hpe.com:jabali-searcot-karanam/cmf_notebook_dspc7.git",
                        "version": "commit e04414a805d2c661b06203540891d6ee47a0efe5"
                    }
                },
                "name": "PowertoEnergy",
                "namespace": "carbon"
            },
            "outputs": [
                {
                    "facets": {
                        "cmfDataSetFacets": {
                            "commit": "commit e04414a805d2c661b06203540891d6ee47a0efe5",
                            "createdAt": 1664184769794,
                            "event": "OUTPUT",
                            "gitRepo": "git@github.hpe.com:jabali-searcot-karanam/cmf_notebook_dspc7.git",
                            "id": 2,
                            "type": "Dataset",
                            "updatedAt": 1664184769794,
                            "uri": "6314644424125a93f99f7f997ea78260"
                        },
                        "schema": {
                            "fields": [],
                            "stringDomain": []
                        }
                    },
                    "name": "pdu_energy.csv:6314644424125a93f99f7f997ea78260",
                    "namespace": "carbon"
                }
            ],
            "producer": "producer",
            "run": {
                "facets": {
                    "cmfRunFacets": {
                        "contextId": 2,
                        "contextType": "PowertoEnergy",
                        "execution": "['/opt/conda/envs/python37/lib/python3.7/site-packages/ipykernel_launcher.py', '-f', '/home/jovyan/.local/share/jupyter/runtime/kernel-2cc49238-d2aa-4fa2-8ad2-43397818a24a.json']",
                        "id": 1,
                        "pipelineId": 1,
                        "pipelineType": "carbon"
                    }
                },
                "runId": 1
            }
        },
        {
            "eventTime": "2005-03-12T18:30:00.0Z",
            "eventType": "COMPLETE",
            "inputs": [
                {
                    "facets": {
                        "cmfDataSetFacets": {
                            "commit": "commit e04414a805d2c661b06203540891d6ee47a0efe5",
                            "createdAt": 1664184769794,
                            "event": "INPUT",
                            "gitRepo": "git@github.hpe.com:jabali-searcot-karanam/cmf_notebook_dspc7.git",
                            "id": 2,
                            "type": "Dataset",
                            "updatedAt": 1664184769794,
                            "uri": "6314644424125a93f99f7f997ea78260"
                        },
                        "schema": {
                            "fields": [],
                            "stringDomain": []
                        }
                    },
                    "name": "pdu_energy.csv:6314644424125a93f99f7f997ea78260",
                    "namespace": "carbon"
                }
            ],
            "job": {
                "facets": {
                    "cmfJobFacets": {
                        "gitEndCommit": "",
                        "gitStartCommit": "e04414a805d2c661b06203540891d6ee47a0efe5"
                    },
                    "sourceCodeLocation": {
                        "type": "git",
                        "url": "git@github.hpe.com:jabali-searcot-karanam/cmf_notebook_dspc7.git",
                        "version": "commit 258cd6ae058639272f44ac3e95d642be57cc0c2f"
                    }
                },
                "name": "EnegytoCarbon",
                "namespace": "carbon"
            },
            "outputs": [
                {
                    "facets": {
                        "cmfDataSetFacets": {
                            "commit": "commit 258cd6ae058639272f44ac3e95d642be57cc0c2f",
                            "createdAt": 1664184776560,
                            "event": "OUTPUT",
                            "gitRepo": "git@github.hpe.com:jabali-searcot-karanam/cmf_notebook_dspc7.git",
                            "id": 3,
                            "type": "Dataset",
                            "updatedAt": 1664184776560,
                            "uri": "3ef5df4877a811dc0e8b11ca71eb5cf1"
                        },
                        "schema": {
                            "fields": [],
                            "stringDomain": []
                        }
                    },
                    "name": "pdu_carbon.csv:3ef5df4877a811dc0e8b11ca71eb5cf1",
                    "namespace": "carbon"
                }
            ],
            "producer": "producer",
            "run": {
                "facets": {
                    "cmfRunFacets": {
                        "contextId": 3,
                        "contextType": "EnegytoCarbon",
                        "execution": "['/opt/conda/envs/python37/lib/python3.7/site-packages/ipykernel_launcher.py', '-f', '/home/jovyan/.local/share/jupyter/runtime/kernel-2cc49238-d2aa-4fa2-8ad2-43397818a24a.json']",
                        "id": 2,
                        "pipelineId": 1,
                        "pipelineType": "carbon"
                    }
                },
                "runId": 2
            }
        },
        {
            "eventTime": "2005-03-12T18:30:00.0Z",
            "eventType": "COMPLETE",
            "inputs": [
                {
                    "facets": {
                        "cmfDataSetFacets": {
                            "commit": "commit e04414a805d2c661b06203540891d6ee47a0efe5",
                            "createdAt": 1664184769794,
                            "event": "INPUT",
                            "gitRepo": "git@github.hpe.com:jabali-searcot-karanam/cmf_notebook_dspc7.git",
                            "id": 2,
                            "type": "Dataset",
                            "updatedAt": 1664184769794,
                            "uri": "6314644424125a93f99f7f997ea78260"
                        },
                        "schema": {
                            "fields": [],
                            "stringDomain": []
                        }
                    },
                    "name": "pdu_energy.csv:6314644424125a93f99f7f997ea78260",
                    "namespace": "carbon"
                }
            ],
            "job": {
                "facets": {
                    "cmfJobFacets": {
                        "gitEndCommit": "",
                        "gitStartCommit": "258cd6ae058639272f44ac3e95d642be57cc0c2f"
                    },
                    "sourceCodeLocation": {
                        "type": "git",
                        "url": "git@github.hpe.com:jabali-searcot-karanam/cmf_notebook_dspc7.git",
                        "version": "commit 58c701e0d35e52be4bf93ad704165f5773075966"
                    }
                },
                "name": "Sampling",
                "namespace": "carbon"
            },
            "outputs": [
                {
                    "facets": {
                        "cmfDataSetFacets": {
                            "commit": "commit 58c701e0d35e52be4bf93ad704165f5773075966",
                            "createdAt": 1664184782833,
                            "event": "OUTPUT",
                            "gitRepo": "git@github.hpe.com:jabali-searcot-karanam/cmf_notebook_dspc7.git",
                            "id": 4,
                            "type": "Dataset",
                            "updatedAt": 1664184782833,
                            "uri": "80d9964db0572f784b6ddf349a3b63d2"
                        },
                        "schema": {
                            "fields": [],
                            "stringDomain": []
                        }
                    },
                    "name": "pdu_energy_upsampled.csv:80d9964db0572f784b6ddf349a3b63d2",
                    "namespace": "carbon"
                }
            ],
            "producer": "producer",
            "run": {
                "facets": {
                    "cmfRunFacets": {
                        "contextId": 4,
                        "contextType": "Sampling",
                        "execution": "['/opt/conda/envs/python37/lib/python3.7/site-packages/ipykernel_launcher.py', '-f', '/home/jovyan/.local/share/jupyter/runtime/kernel-2cc49238-d2aa-4fa2-8ad2-43397818a24a.json']",
                        "id": 3,
                        "pipelineId": 1,
                        "pipelineType": "carbon"
                    }
                },
                "runId": 3
            }
        },
        {
            "eventTime": "2005-03-12T18:30:00.0Z",
            "eventType": "COMPLETE",
            "inputs": [
                {
                    "facets": {
                        "cmfDataSetFacets": {
                            "commit": "commit 58c701e0d35e52be4bf93ad704165f5773075966",
                            "createdAt": 1664184782833,
                            "event": "INPUT",
                            "gitRepo": "git@github.hpe.com:jabali-searcot-karanam/cmf_notebook_dspc7.git",
                            "id": 4,
                            "type": "Dataset",
                            "updatedAt": 1664184782833,
                            "uri": "80d9964db0572f784b6ddf349a3b63d2"
                        },
                        "schema": {
                            "fields": [],
                            "stringDomain": []
                        }
                    },
                    "name": "pdu_energy_upsampled.csv:80d9964db0572f784b6ddf349a3b63d2",
                    "namespace": "carbon"
                }
            ],
            "job": {
                "facets": {
                    "cmfJobFacets": {
                        "gitEndCommit": "",
                        "gitStartCommit": "58c701e0d35e52be4bf93ad704165f5773075966"
                    },
                    "sourceCodeLocation": {
                        "type": "git",
                        "url": "git@github.hpe.com:jabali-searcot-karanam/cmf_notebook_dspc7.git",
                        "version": "commit 58c701e0d35e52be4bf93ad704165f5773075966"
                    }
                },
                "name": "GUI",
                "namespace": "carbon"
            },
            "outputs": [],
            "producer": "producer",
            "run": {
                "facets": {
                    "cmfRunFacets": {
                        "contextId": 5,
                        "contextType": "GUI",
                        "execution": "['/opt/conda/envs/python37/lib/python3.7/site-packages/ipykernel_launcher.py', '-f', '/home/jovyan/.local/share/jupyter/runtime/kernel-2cc49238-d2aa-4fa2-8ad2-43397818a24a.json']",
                        "id": 4,
                        "pipelineId": 1,
                        "pipelineType": "carbon"
                    }
                },
                "runId": 4
            }
        }
    ],
    "name": "carbon",
    "offset": 0,
    "resources": [
        {
            "data": "{\"Commit\":\"commit 45132ba1b9d827649a48867cc76546574e2942da\",\"create_time_since_epoch\":1664184766802,\"event\":\"INPUT\",\"git_repo\":\"git@github.hpe.com:jabali-searcot-karanam\\/cmf_notebook_dspc7.git\",\"id\":1,\"last_update_time_since_epoch\":1664184766802,\"name\":\"pdu_power.csv:238969fd8045403c15af14879c5aa5f6\",\"type\":\"Dataset\",\"uri\":\"238969fd8045403c15af14879c5aa5f6\"}",
            "encoding": "utf-8",
            "execution_id": 1,
            "name": "pdu_power.csv:238969fd8045403c15af14879c5aa5f6"
        },
        {
            "data": "{\"Commit\":\"commit e04414a805d2c661b06203540891d6ee47a0efe5\",\"create_time_since_epoch\":1664184769794,\"event\":\"OUTPUT\",\"git_repo\":\"git@github.hpe.com:jabali-searcot-karanam\\/cmf_notebook_dspc7.git\",\"id\":2,\"last_update_time_since_epoch\":1664184769794,\"name\":\"pdu_energy.csv:6314644424125a93f99f7f997ea78260\",\"type\":\"Dataset\",\"uri\":\"6314644424125a93f99f7f997ea78260\"}",
            "encoding": "utf-8",
            "execution_id": 1,
            "name": "pdu_energy.csv:6314644424125a93f99f7f997ea78260"
        },
        {
            "data": "{\"Commit\":\"commit e04414a805d2c661b06203540891d6ee47a0efe5\",\"create_time_since_epoch\":1664184769794,\"event\":\"INPUT\",\"git_repo\":\"git@github.hpe.com:jabali-searcot-karanam\\/cmf_notebook_dspc7.git\",\"id\":2,\"last_update_time_since_epoch\":1664184769794,\"name\":\"pdu_energy.csv:6314644424125a93f99f7f997ea78260\",\"type\":\"Dataset\",\"uri\":\"6314644424125a93f99f7f997ea78260\"}",
            "encoding": "utf-8",
            "execution_id": 2,
            "name": "pdu_energy.csv:6314644424125a93f99f7f997ea78260"
        },
        {
            "data": "{\"Commit\":\"commit 258cd6ae058639272f44ac3e95d642be57cc0c2f\",\"create_time_since_epoch\":1664184776560,\"event\":\"OUTPUT\",\"git_repo\":\"git@github.hpe.com:jabali-searcot-karanam\\/cmf_notebook_dspc7.git\",\"id\":3,\"last_update_time_since_epoch\":1664184776560,\"name\":\"pdu_carbon.csv:3ef5df4877a811dc0e8b11ca71eb5cf1\",\"type\":\"Dataset\",\"uri\":\"3ef5df4877a811dc0e8b11ca71eb5cf1\"}",
            "encoding": "utf-8",
            "execution_id": 2,
            "name": "pdu_carbon.csv:3ef5df4877a811dc0e8b11ca71eb5cf1"
        },
        {
            "data": "{\"Commit\":\"commit e04414a805d2c661b06203540891d6ee47a0efe5\",\"create_time_since_epoch\":1664184769794,\"event\":\"INPUT\",\"git_repo\":\"git@github.hpe.com:jabali-searcot-karanam\\/cmf_notebook_dspc7.git\",\"id\":2,\"last_update_time_since_epoch\":1664184769794,\"name\":\"pdu_energy.csv:6314644424125a93f99f7f997ea78260\",\"type\":\"Dataset\",\"uri\":\"6314644424125a93f99f7f997ea78260\"}",
            "encoding": "utf-8",
            "execution_id": 3,
            "name": "pdu_energy.csv:6314644424125a93f99f7f997ea78260"
        },
        {
            "data": "{\"Commit\":\"commit 58c701e0d35e52be4bf93ad704165f5773075966\",\"create_time_since_epoch\":1664184782833,\"event\":\"OUTPUT\",\"git_repo\":\"git@github.hpe.com:jabali-searcot-karanam\\/cmf_notebook_dspc7.git\",\"id\":4,\"last_update_time_since_epoch\":1664184782833,\"name\":\"pdu_energy_upsampled.csv:80d9964db0572f784b6ddf349a3b63d2\",\"type\":\"Dataset\",\"uri\":\"80d9964db0572f784b6ddf349a3b63d2\"}",
            "encoding": "utf-8",
            "execution_id": 3,
            "name": "pdu_energy_upsampled.csv:80d9964db0572f784b6ddf349a3b63d2"
        },
        {
            "data": "{\"Commit\":\"commit 58c701e0d35e52be4bf93ad704165f5773075966\",\"create_time_since_epoch\":1664184782833,\"event\":\"INPUT\",\"git_repo\":\"git@github.hpe.com:jabali-searcot-karanam\\/cmf_notebook_dspc7.git\",\"id\":4,\"last_update_time_since_epoch\":1664184782833,\"name\":\"pdu_energy_upsampled.csv:80d9964db0572f784b6ddf349a3b63d2\",\"type\":\"Dataset\",\"uri\":\"80d9964db0572f784b6ddf349a3b63d2\"}",
            "encoding": "utf-8",
            "execution_id": 4,
            "name": "pdu_energy_upsampled.csv:80d9964db0572f784b6ddf349a3b63d2"
        }
    ],
    "total": 4
}

