[{
    "count": 2,
    "lineage": [
        {
            "eventTime": "2005-03-12T18:30:00.0Z",
            "eventType": "COMPLETE",
            "inputs": [
                {
                    "facets": {
                        "cmfDataSetFacets": {
                            "commit": "commit 70b2787fad0012c5dd9e6bad58b3018a23f5455f",
                            "createdAt": 1670399328696,
                            "event": "INPUT",
                            "gitRepo": "https://sarathreddyk:ATBBYpmcY2UZW2YJ6YmpVu4c4MC337BAAFCA@bitbucket.org/dataspaces/multipleexecutions.git",
                            "id": 1,
                            "type": "Dataset",
                            "updatedAt": 1670399328696,
                            "uri": "08cffcef6cebde9504240945e998e6ea"
                        },
                        "schema": {
                            "fields": [],
                            "stringDomain": []
                        }
                    },
                    "name": "employees.csv:08cffcef6cebde9504240945e998e6ea",
                    "namespace": "ObedientDenmark"
                }
            ],
            "job": {
                "facets": {
                    "cmfJobFacets": {
                        "gitEndCommit": "",
                        "gitStartCommit": "e054a76695a91120a2e4e14e346f68f14152829c"
                    },
                    "sourceCodeLocation": {
                        "type": "git",
                        "url": "https://sarathreddyk:ATBBYpmcY2UZW2YJ6YmpVu4c4MC337BAAFCA@bitbucket.org/dataspaces/multipleexecutions.git",
                        "version": "commit e054a76695a91120a2e4e14e346f68f14152829c"
                    }
                },
                "name": "Prepare",
                "namespace": "ObedientDenmark"
            },
            "outputs": [
                {
                    "facets": {
                        "cmfDataSetFacets": {
                            "commit": "commit e054a76695a91120a2e4e14e346f68f14152829c",
                            "createdAt": 1670400524449,
                            "event": "OUTPUT",
                            "gitRepo": "https://sarathreddyk:ATBBYpmcY2UZW2YJ6YmpVu4c4MC337BAAFCA@bitbucket.org/dataspaces/multipleexecutions.git",
                            "id": 6,
                            "type": "Dataset",
                            "updatedAt": 1670400524449,
                            "uri": "773dd0db4d7b72734a4a5ecdc67f81e8"
                        },
                        "schema": {
                            "fields": [],
                            "stringDomain": []
                        }
                    },
                    "name": "tth_employees.csv:773dd0db4d7b72734a4a5ecdc67f81e8",
                    "namespace": "ObedientDenmark"
                }
            ],
            "producer": "producer",
            "run": {
                "facets": {
                    "cmfRunFacets": {
                        "contextId": 2,
                        "contextType": "Prepare",
                        "execution": "['/opt/conda/envs/python37/lib/python3.7/site-packages/ipykernel_launcher.py', '-f', '/home/jovyan/.local/share/jupyter/runtime/kernel-f2e9a29e-22d7-4e87-b73a-f080572021c1.json']",
                        "id": 5,
                        "pipelineId": 1,
                        "pipelineType": "ObedientDenmark"
                    }
                },
                "runId": 5
            }
        },
        {
            "eventTime": "2005-03-12T18:30:00.0Z",
            "eventType": "COMPLETE",
            "inputs": [
                {
                    "facets": {
                        "cmfDataSetFacets": {
                            "commit": "commit 70b2787fad0012c5dd9e6bad58b3018a23f5455f",
                            "createdAt": 1670399328696,
                            "event": "INPUT",
                            "gitRepo": "https://sarathreddyk:ATBBYpmcY2UZW2YJ6YmpVu4c4MC337BAAFCA@bitbucket.org/dataspaces/multipleexecutions.git",
                            "id": 1,
                            "type": "Dataset",
                            "updatedAt": 1670399328696,
                            "uri": "08cffcef6cebde9504240945e998e6ea"
                        },
                        "schema": {
                            "fields": [],
                            "stringDomain": []
                        }
                    },
                    "name": "employees.csv:08cffcef6cebde9504240945e998e6ea",
                    "namespace": "ObedientDenmark"
                }
            ],
            "job": {
                "facets": {
                    "cmfJobFacets": {
                        "gitEndCommit": "",
                        "gitStartCommit": "8016a3cad4cfb1cee2b6215f42cc490b9d7d76bb"
                    },
                    "sourceCodeLocation": {
                        "type": "git",
                        "url": "https://sarathreddyk:ATBBYpmcY2UZW2YJ6YmpVu4c4MC337BAAFCA@bitbucket.org/dataspaces/multipleexecutions.git",
                        "version": "commit 7989e71c174a4af9793e5a31c3573691533b5c91"
                    }
                },
                "name": "Prepare",
                "namespace": "ObedientDenmark"
            },
            "outputs": [
                {
                    "facets": {
                        "cmfDataSetFacets": {
                            "commit": "commit 7989e71c174a4af9793e5a31c3573691533b5c91",
                            "createdAt": 1670399716228,
                            "event": "OUTPUT",
                            "gitRepo": "https://sarathreddyk:ATBBYpmcY2UZW2YJ6YmpVu4c4MC337BAAFCA@bitbucket.org/dataspaces/multipleexecutions.git",
                            "id": 4,
                            "type": "Dataset",
                            "updatedAt": 1670399716228,
                            "uri": "ff7556e85f9a7dc75db90ec36d751853"
                        },
                        "schema": {
                            "fields": [],
                            "stringDomain": []
                        }
                    },
                    "name": "bfsi_employees.csv:ff7556e85f9a7dc75db90ec36d751853",
                    "namespace": "ObedientDenmark"
                }
            ],
            "producer": "producer",
            "run": {
                "facets": {
                    "cmfRunFacets": {
                        "contextId": 2,
                        "contextType": "Prepare",
                        "execution": "['/opt/conda/envs/python37/lib/python3.7/site-packages/ipykernel_launcher.py', '-f', '/home/jovyan/.local/share/jupyter/runtime/kernel-f2e9a29e-22d7-4e87-b73a-f080572021c1.json']",
                        "id": 3,
                        "pipelineId": 1,
                        "pipelineType": "ObedientDenmark"
                    }
                },
                "runId": 3
            }
        },
        {
            "eventTime": "2005-03-12T18:30:00.0Z",
            "eventType": "COMPLETE",
            "inputs": [
                {
                    "facets": {
                        "cmfDataSetFacets": {
                            "commit": "commit 70b2787fad0012c5dd9e6bad58b3018a23f5455f",
                            "createdAt": 1670399328696,
                            "event": "INPUT",
                            "gitRepo": "https://sarathreddyk:ATBBYpmcY2UZW2YJ6YmpVu4c4MC337BAAFCA@bitbucket.org/dataspaces/multipleexecutions.git",
                            "id": 1,
                            "type": "Dataset",
                            "updatedAt": 1670399328696,
                            "uri": "08cffcef6cebde9504240945e998e6ea"
                        },
                        "schema": {
                            "fields": [],
                            "stringDomain": []
                        }
                    },
                    "name": "employees.csv:08cffcef6cebde9504240945e998e6ea",
                    "namespace": "ObedientDenmark"
                }
            ],
            "job": {
                "facets": {
                    "cmfJobFacets": {
                        "gitEndCommit": "",
                        "gitStartCommit": "2765c31e7e841466612422d92f37ac9bd3a3d903"
                    },
                    "sourceCodeLocation": {
                        "type": "git",
                        "url": "https://sarathreddyk:ATBBYpmcY2UZW2YJ6YmpVu4c4MC337BAAFCA@bitbucket.org/dataspaces/multipleexecutions.git",
                        "version": "commit 0f8396d9e0112937c8ccd75d2c28266368be3166"
                    }
                },
                "name": "Prepare",
                "namespace": "ObedientDenmark"
            },
            "outputs": [
                {
                    "facets": {
                        "cmfDataSetFacets": {
                            "commit": "commit 0f8396d9e0112937c8ccd75d2c28266368be3166",
                            "createdAt": 1670399333911,
                            "event": "OUTPUT",
                            "gitRepo": "https://sarathreddyk:ATBBYpmcY2UZW2YJ6YmpVu4c4MC337BAAFCA@bitbucket.org/dataspaces/multipleexecutions.git",
                            "id": 2,
                            "type": "Dataset",
                            "updatedAt": 1670399333911,
                            "uri": "b3c71c5963d2f2b94f6a08672d85a4c2"
                        },
                        "schema": {
                            "fields": [],
                            "stringDomain": []
                        }
                    },
                    "name": "cmt_employees.csv:b3c71c5963d2f2b94f6a08672d85a4c2",
                    "namespace": "ObedientDenmark"
                }
            ],
            "producer": "producer",
            "run": {
                "facets": {
                    "cmfRunFacets": {
                        "contextId": 2,
                        "contextType": "Prepare",
                        "execution": "['/opt/conda/envs/python37/lib/python3.7/site-packages/ipykernel_launcher.py', '-f', '/home/jovyan/.local/share/jupyter/runtime/kernel-f2e9a29e-22d7-4e87-b73a-f080572021c1.json']",
                        "id": 1,
                        "pipelineId": 1,
                        "pipelineType": "ObedientDenmark"
                    }
                },
                "runId": 1
            }
        },
        {
            "eventTime": "2005-03-12T18:30:00.0Z",
            "eventType": "COMPLETE",
            "inputs": [
                {
                    "facets": {
                        "cmfDataSetFacets": {
                            "commit": "commit e054a76695a91120a2e4e14e346f68f14152829c",
                            "createdAt": 1670400524449,
                            "event": "INPUT",
                            "gitRepo": "https://sarathreddyk:ATBBYpmcY2UZW2YJ6YmpVu4c4MC337BAAFCA@bitbucket.org/dataspaces/multipleexecutions.git",
                            "id": 6,
                            "type": "Dataset",
                            "updatedAt": 1670400524449,
                            "uri": "773dd0db4d7b72734a4a5ecdc67f81e8"
                        },
                        "schema": {
                            "fields": [],
                            "stringDomain": []
                        }
                    },
                    "name": "tth_employees.csv:773dd0db4d7b72734a4a5ecdc67f81e8",
                    "namespace": "ObedientDenmark"
                }
            ],
            "job": {
                "facets": {
                    "cmfJobFacets": {
                        "gitEndCommit": "",
                        "gitStartCommit": "e054a76695a91120a2e4e14e346f68f14152829c"
                    },
                    "sourceCodeLocation": {
                        "type": "git",
                        "url": "https://sarathreddyk:ATBBYpmcY2UZW2YJ6YmpVu4c4MC337BAAFCA@bitbucket.org/dataspaces/multipleexecutions.git",
                        "version": "commit 53c1156cfecc7fa3475859fba4163c025ac48ac9"
                    }
                },
                "name": "Summary",
                "namespace": "ObedientDenmark"
            },
            "outputs": [
                {
                    "facets": {
                        "cmfDataSetFacets": {
                            "commit": "commit 53c1156cfecc7fa3475859fba4163c025ac48ac9",
                            "createdAt": 1670400656677,
                            "event": "OUTPUT",
                            "gitRepo": "https://sarathreddyk:ATBBYpmcY2UZW2YJ6YmpVu4c4MC337BAAFCA@bitbucket.org/dataspaces/multipleexecutions.git",
                            "id": 7,
                            "type": "Dataset",
                            "updatedAt": 1670400656677,
                            "uri": "2367b4263841a3205dffe64c72f36459"
                        },
                        "schema": {
                            "fields": [],
                            "stringDomain": []
                        }
                    },
                    "name": "tth_summary.csv:2367b4263841a3205dffe64c72f36459",
                    "namespace": "ObedientDenmark"
                }
            ],
            "producer": "producer",
            "run": {
                "facets": {
                    "cmfRunFacets": {
                        "contextId": 3,
                        "contextType": "Summary",
                        "execution": "['/opt/conda/envs/python37/lib/python3.7/site-packages/ipykernel_launcher.py', '-f', '/home/jovyan/.local/share/jupyter/runtime/kernel-f2e9a29e-22d7-4e87-b73a-f080572021c1.json']",
                        "id": 6,
                        "pipelineId": 1,
                        "pipelineType": "ObedientDenmark"
                    }
                },
                "runId": 6
            }
        },
        {
            "eventTime": "2005-03-12T18:30:00.0Z",
            "eventType": "COMPLETE",
            "inputs": [
                {
                    "facets": {
                        "cmfDataSetFacets": {
                            "commit": "commit 7989e71c174a4af9793e5a31c3573691533b5c91",
                            "createdAt": 1670399716228,
                            "event": "INPUT",
                            "gitRepo": "https://sarathreddyk:ATBBYpmcY2UZW2YJ6YmpVu4c4MC337BAAFCA@bitbucket.org/dataspaces/multipleexecutions.git",
                            "id": 4,
                            "type": "Dataset",
                            "updatedAt": 1670399716228,
                            "uri": "ff7556e85f9a7dc75db90ec36d751853"
                        },
                        "schema": {
                            "fields": [],
                            "stringDomain": []
                        }
                    },
                    "name": "bfsi_employees.csv:ff7556e85f9a7dc75db90ec36d751853",
                    "namespace": "ObedientDenmark"
                }
            ],
            "job": {
                "facets": {
                    "cmfJobFacets": {
                        "gitEndCommit": "",
                        "gitStartCommit": "7989e71c174a4af9793e5a31c3573691533b5c91"
                    },
                    "sourceCodeLocation": {
                        "type": "git",
                        "url": "https://sarathreddyk:ATBBYpmcY2UZW2YJ6YmpVu4c4MC337BAAFCA@bitbucket.org/dataspaces/multipleexecutions.git",
                        "version": "commit e054a76695a91120a2e4e14e346f68f14152829c"
                    }
                },
                "name": "Summary",
                "namespace": "ObedientDenmark"
            },
            "outputs": [
                {
                    "facets": {
                        "cmfDataSetFacets": {
                            "commit": "commit 83f4f318d0cf339f924ee9ecda4a31c7aabb438a",
                            "createdAt": 1670399733195,
                            "event": "OUTPUT",
                            "gitRepo": "https://sarathreddyk:ATBBYpmcY2UZW2YJ6YmpVu4c4MC337BAAFCA@bitbucket.org/dataspaces/multipleexecutions.git",
                            "id": 5,
                            "type": "Dataset",
                            "updatedAt": 1670399733195,
                            "uri": "f6ddf7391ed32325e96e83c9e6e6d23d"
                        },
                        "schema": {
                            "fields": [],
                            "stringDomain": []
                        }
                    },
                    "name": "bfsi_summary.csv:f6ddf7391ed32325e96e83c9e6e6d23d",
                    "namespace": "ObedientDenmark"
                },
                {
                    "facets": {
                        "cmfDataSetFacets": {
                            "commit": "commit e054a76695a91120a2e4e14e346f68f14152829c",
                            "createdAt": 1670400524449,
                            "event": "OUTPUT",
                            "gitRepo": "https://sarathreddyk:ATBBYpmcY2UZW2YJ6YmpVu4c4MC337BAAFCA@bitbucket.org/dataspaces/multipleexecutions.git",
                            "id": 6,
                            "type": "Dataset",
                            "updatedAt": 1670400524449,
                            "uri": "773dd0db4d7b72734a4a5ecdc67f81e8"
                        },
                        "schema": {
                            "fields": [],
                            "stringDomain": []
                        }
                    },
                    "name": "tth_employees.csv:773dd0db4d7b72734a4a5ecdc67f81e8",
                    "namespace": "ObedientDenmark"
                }
            ],
            "producer": "producer",
            "run": {
                "facets": {
                    "cmfRunFacets": {
                        "contextId": 3,
                        "contextType": "Summary",
                        "execution": "['/opt/conda/envs/python37/lib/python3.7/site-packages/ipykernel_launcher.py', '-f', '/home/jovyan/.local/share/jupyter/runtime/kernel-f2e9a29e-22d7-4e87-b73a-f080572021c1.json']",
                        "id": 4,
                        "pipelineId": 1,
                        "pipelineType": "ObedientDenmark"
                    }
                },
                "runId": 4
            }
        },
        {
            "eventTime": "2005-03-12T18:30:00.0Z",
            "eventType": "COMPLETE",
            "inputs": [
                {
                    "facets": {
                        "cmfDataSetFacets": {
                            "commit": "commit 0f8396d9e0112937c8ccd75d2c28266368be3166",
                            "createdAt": 1670399333911,
                            "event": "INPUT",
                            "gitRepo": "https://sarathreddyk:ATBBYpmcY2UZW2YJ6YmpVu4c4MC337BAAFCA@bitbucket.org/dataspaces/multipleexecutions.git",
                            "id": 2,
                            "type": "Dataset",
                            "updatedAt": 1670399333911,
                            "uri": "b3c71c5963d2f2b94f6a08672d85a4c2"
                        },
                        "schema": {
                            "fields": [],
                            "stringDomain": []
                        }
                    },
                    "name": "cmt_employees.csv:b3c71c5963d2f2b94f6a08672d85a4c2",
                    "namespace": "ObedientDenmark"
                }
            ],
            "job": {
                "facets": {
                    "cmfJobFacets": {
                        "gitEndCommit": "",
                        "gitStartCommit": "0f8396d9e0112937c8ccd75d2c28266368be3166"
                    },
                    "sourceCodeLocation": {
                        "type": "git",
                        "url": "https://sarathreddyk:ATBBYpmcY2UZW2YJ6YmpVu4c4MC337BAAFCA@bitbucket.org/dataspaces/multipleexecutions.git",
                        "version": "commit ea5f963fced8dc1563ec893aaa5f58752b0a5f8a"
                    }
                },
                "name": "Summary",
                "namespace": "ObedientDenmark"
            },
            "outputs": [
                {
                    "facets": {
                        "cmfDataSetFacets": {
                            "commit": "commit ea5f963fced8dc1563ec893aaa5f58752b0a5f8a",
                            "createdAt": 1670399365942,
                            "event": "OUTPUT",
                            "gitRepo": "https://sarathreddyk:ATBBYpmcY2UZW2YJ6YmpVu4c4MC337BAAFCA@bitbucket.org/dataspaces/multipleexecutions.git",
                            "id": 3,
                            "type": "Dataset",
                            "updatedAt": 1670399365942,
                            "uri": "a2af8156b1154df3fdc06ec20e8b25c2"
                        },
                        "schema": {
                            "fields": [],
                            "stringDomain": []
                        }
                    },
                    "name": "cmt_summary.csv:a2af8156b1154df3fdc06ec20e8b25c2",
                    "namespace": "ObedientDenmark"
                }
            ],
            "producer": "producer",
            "run": {
                "facets": {
                    "cmfRunFacets": {
                        "contextId": 3,
                        "contextType": "Summary",
                        "execution": "['/opt/conda/envs/python37/lib/python3.7/site-packages/ipykernel_launcher.py', '-f', '/home/jovyan/.local/share/jupyter/runtime/kernel-f2e9a29e-22d7-4e87-b73a-f080572021c1.json']",
                        "id": 2,
                        "pipelineId": 1,
                        "pipelineType": "ObedientDenmark"
                    }
                },
                "runId": 2
            }
        }
    ],
    "name": "ObedientDenmark",
    "offset": 0,
    "resources": [
        {
            "data": "{\"Commit\":\"commit 70b2787fad0012c5dd9e6bad58b3018a23f5455f\",\"create_time_since_epoch\":1670399328696,\"event\":\"INPUT\",\"git_repo\":\"https:\\/\\/sarathreddyk:ATBBYpmcY2UZW2YJ6YmpVu4c4MC337BAAFCA@bitbucket.org\\/dataspaces\\/multipleexecutions.git\",\"id\":1,\"last_update_time_since_epoch\":1670399328696,\"name\":\"employees.csv:08cffcef6cebde9504240945e998e6ea\",\"type\":\"Dataset\",\"uri\":\"08cffcef6cebde9504240945e998e6ea\"}",
            "encoding": "utf-8",
            "execution_id": 5,
            "name": "employees.csv:08cffcef6cebde9504240945e998e6ea"
        },
        {
            "data": "{\"Commit\":\"commit e054a76695a91120a2e4e14e346f68f14152829c\",\"create_time_since_epoch\":1670400524449,\"event\":\"OUTPUT\",\"git_repo\":\"https:\\/\\/sarathreddyk:ATBBYpmcY2UZW2YJ6YmpVu4c4MC337BAAFCA@bitbucket.org\\/dataspaces\\/multipleexecutions.git\",\"id\":6,\"last_update_time_since_epoch\":1670400524449,\"name\":\"tth_employees.csv:773dd0db4d7b72734a4a5ecdc67f81e8\",\"type\":\"Dataset\",\"uri\":\"773dd0db4d7b72734a4a5ecdc67f81e8\"}",
            "encoding": "utf-8",
            "execution_id": 5,
            "name": "tth_employees.csv:773dd0db4d7b72734a4a5ecdc67f81e8"
        },
        {
            "data": "{\"Commit\":\"commit 70b2787fad0012c5dd9e6bad58b3018a23f5455f\",\"create_time_since_epoch\":1670399328696,\"event\":\"INPUT\",\"git_repo\":\"https:\\/\\/sarathreddyk:ATBBYpmcY2UZW2YJ6YmpVu4c4MC337BAAFCA@bitbucket.org\\/dataspaces\\/multipleexecutions.git\",\"id\":1,\"last_update_time_since_epoch\":1670399328696,\"name\":\"employees.csv:08cffcef6cebde9504240945e998e6ea\",\"type\":\"Dataset\",\"uri\":\"08cffcef6cebde9504240945e998e6ea\"}",
            "encoding": "utf-8",
            "execution_id": 3,
            "name": "employees.csv:08cffcef6cebde9504240945e998e6ea"
        },
        {
            "data": "{\"Commit\":\"commit 7989e71c174a4af9793e5a31c3573691533b5c91\",\"create_time_since_epoch\":1670399716228,\"event\":\"OUTPUT\",\"git_repo\":\"https:\\/\\/sarathreddyk:ATBBYpmcY2UZW2YJ6YmpVu4c4MC337BAAFCA@bitbucket.org\\/dataspaces\\/multipleexecutions.git\",\"id\":4,\"last_update_time_since_epoch\":1670399716228,\"name\":\"bfsi_employees.csv:ff7556e85f9a7dc75db90ec36d751853\",\"type\":\"Dataset\",\"uri\":\"ff7556e85f9a7dc75db90ec36d751853\"}",
            "encoding": "utf-8",
            "execution_id": 3,
            "name": "bfsi_employees.csv:ff7556e85f9a7dc75db90ec36d751853"
        },
        {
            "data": "{\"Commit\":\"commit 70b2787fad0012c5dd9e6bad58b3018a23f5455f\",\"create_time_since_epoch\":1670399328696,\"event\":\"INPUT\",\"git_repo\":\"https:\\/\\/sarathreddyk:ATBBYpmcY2UZW2YJ6YmpVu4c4MC337BAAFCA@bitbucket.org\\/dataspaces\\/multipleexecutions.git\",\"id\":1,\"last_update_time_since_epoch\":1670399328696,\"name\":\"employees.csv:08cffcef6cebde9504240945e998e6ea\",\"type\":\"Dataset\",\"uri\":\"08cffcef6cebde9504240945e998e6ea\"}",
            "encoding": "utf-8",
            "execution_id": 1,
            "name": "employees.csv:08cffcef6cebde9504240945e998e6ea"
        },
        {
            "data": "{\"Commit\":\"commit 0f8396d9e0112937c8ccd75d2c28266368be3166\",\"create_time_since_epoch\":1670399333911,\"event\":\"OUTPUT\",\"git_repo\":\"https:\\/\\/sarathreddyk:ATBBYpmcY2UZW2YJ6YmpVu4c4MC337BAAFCA@bitbucket.org\\/dataspaces\\/multipleexecutions.git\",\"id\":2,\"last_update_time_since_epoch\":1670399333911,\"name\":\"cmt_employees.csv:b3c71c5963d2f2b94f6a08672d85a4c2\",\"type\":\"Dataset\",\"uri\":\"b3c71c5963d2f2b94f6a08672d85a4c2\"}",
            "encoding": "utf-8",
            "execution_id": 1,
            "name": "cmt_employees.csv:b3c71c5963d2f2b94f6a08672d85a4c2"
        },
        {
            "data": "{\"Commit\":\"commit e054a76695a91120a2e4e14e346f68f14152829c\",\"create_time_since_epoch\":1670400524449,\"event\":\"INPUT\",\"git_repo\":\"https:\\/\\/sarathreddyk:ATBBYpmcY2UZW2YJ6YmpVu4c4MC337BAAFCA@bitbucket.org\\/dataspaces\\/multipleexecutions.git\",\"id\":6,\"last_update_time_since_epoch\":1670400524449,\"name\":\"tth_employees.csv:773dd0db4d7b72734a4a5ecdc67f81e8\",\"type\":\"Dataset\",\"uri\":\"773dd0db4d7b72734a4a5ecdc67f81e8\"}",
            "encoding": "utf-8",
            "execution_id": 6,
            "name": "tth_employees.csv:773dd0db4d7b72734a4a5ecdc67f81e8"
        },
        {
            "data": "{\"Commit\":\"commit 53c1156cfecc7fa3475859fba4163c025ac48ac9\",\"create_time_since_epoch\":1670400656677,\"event\":\"OUTPUT\",\"git_repo\":\"https:\\/\\/sarathreddyk:ATBBYpmcY2UZW2YJ6YmpVu4c4MC337BAAFCA@bitbucket.org\\/dataspaces\\/multipleexecutions.git\",\"id\":7,\"last_update_time_since_epoch\":1670400656677,\"name\":\"tth_summary.csv:2367b4263841a3205dffe64c72f36459\",\"type\":\"Dataset\",\"uri\":\"2367b4263841a3205dffe64c72f36459\"}",
            "encoding": "utf-8",
            "execution_id": 6,
            "name": "tth_summary.csv:2367b4263841a3205dffe64c72f36459"
        },
        {
            "data": "{\"Commit\":\"commit 7989e71c174a4af9793e5a31c3573691533b5c91\",\"create_time_since_epoch\":1670399716228,\"event\":\"INPUT\",\"git_repo\":\"https:\\/\\/sarathreddyk:ATBBYpmcY2UZW2YJ6YmpVu4c4MC337BAAFCA@bitbucket.org\\/dataspaces\\/multipleexecutions.git\",\"id\":4,\"last_update_time_since_epoch\":1670399716228,\"name\":\"bfsi_employees.csv:ff7556e85f9a7dc75db90ec36d751853\",\"type\":\"Dataset\",\"uri\":\"ff7556e85f9a7dc75db90ec36d751853\"}",
            "encoding": "utf-8",
            "execution_id": 4,
            "name": "bfsi_employees.csv:ff7556e85f9a7dc75db90ec36d751853"
        },
        {
            "data": "{\"Commit\":\"commit 83f4f318d0cf339f924ee9ecda4a31c7aabb438a\",\"create_time_since_epoch\":1670399733195,\"event\":\"OUTPUT\",\"git_repo\":\"https:\\/\\/sarathreddyk:ATBBYpmcY2UZW2YJ6YmpVu4c4MC337BAAFCA@bitbucket.org\\/dataspaces\\/multipleexecutions.git\",\"id\":5,\"last_update_time_since_epoch\":1670399733195,\"name\":\"bfsi_summary.csv:f6ddf7391ed32325e96e83c9e6e6d23d\",\"type\":\"Dataset\",\"uri\":\"f6ddf7391ed32325e96e83c9e6e6d23d\"}",
            "encoding": "utf-8",
            "execution_id": 4,
            "name": "bfsi_summary.csv:f6ddf7391ed32325e96e83c9e6e6d23d"
        },
        {
            "data": "{\"Commit\":\"commit e054a76695a91120a2e4e14e346f68f14152829c\",\"create_time_since_epoch\":1670400524449,\"event\":\"OUTPUT\",\"git_repo\":\"https:\\/\\/sarathreddyk:ATBBYpmcY2UZW2YJ6YmpVu4c4MC337BAAFCA@bitbucket.org\\/dataspaces\\/multipleexecutions.git\",\"id\":6,\"last_update_time_since_epoch\":1670400524449,\"name\":\"tth_employees.csv:773dd0db4d7b72734a4a5ecdc67f81e8\",\"type\":\"Dataset\",\"uri\":\"773dd0db4d7b72734a4a5ecdc67f81e8\"}",
            "encoding": "utf-8",
            "execution_id": 4,
            "name": "tth_employees.csv:773dd0db4d7b72734a4a5ecdc67f81e8"
        },
        {
            "data": "{\"Commit\":\"commit 0f8396d9e0112937c8ccd75d2c28266368be3166\",\"create_time_since_epoch\":1670399333911,\"event\":\"INPUT\",\"git_repo\":\"https:\\/\\/sarathreddyk:ATBBYpmcY2UZW2YJ6YmpVu4c4MC337BAAFCA@bitbucket.org\\/dataspaces\\/multipleexecutions.git\",\"id\":2,\"last_update_time_since_epoch\":1670399333911,\"name\":\"cmt_employees.csv:b3c71c5963d2f2b94f6a08672d85a4c2\",\"type\":\"Dataset\",\"uri\":\"b3c71c5963d2f2b94f6a08672d85a4c2\"}",
            "encoding": "utf-8",
            "execution_id": 2,
            "name": "cmt_employees.csv:b3c71c5963d2f2b94f6a08672d85a4c2"
        },
        {
            "data": "{\"Commit\":\"commit ea5f963fced8dc1563ec893aaa5f58752b0a5f8a\",\"create_time_since_epoch\":1670399365942,\"event\":\"OUTPUT\",\"git_repo\":\"https:\\/\\/sarathreddyk:ATBBYpmcY2UZW2YJ6YmpVu4c4MC337BAAFCA@bitbucket.org\\/dataspaces\\/multipleexecutions.git\",\"id\":3,\"last_update_time_since_epoch\":1670399365942,\"name\":\"cmt_summary.csv:a2af8156b1154df3fdc06ec20e8b25c2\",\"type\":\"Dataset\",\"uri\":\"a2af8156b1154df3fdc06ec20e8b25c2\"}",
            "encoding": "utf-8",
            "execution_id": 2,
            "name": "cmt_summary.csv:a2af8156b1154df3fdc06ec20e8b25c2"
        }
    ],
    "total": 2
}
]
